,i_sensor_1,i_sensor_2,i_sensor_3,o_left,o_right,i_sensor_4,i_sensor_5
0,281,78,57,False,False,74.0,33.0
0,275,77,58,False,False,74.0,33.0
0,269,76,58,False,False,73.0,47.0
0,263,75,59,False,False,73.0,49.0
0,257,73,59,False,False,72.0,50.0
0,251,73,60,False,False,71.0,50.0
0,245,65,62,False,False,70.0,51.0
0,239,71,63,False,False,69.0,51.0
0,233,70,63,False,False,68.0,52.0
0,227,69,63,False,False,67.0,52.0
0,221,69,64,False,False,66.0,53.0
0,215,68,64,False,False,65.0,54.0
0,209,68,66,False,False,64.0,54.0
0,203,65,68,False,False,63.0,55.0
0,276,67,65,False,True,61.0,56.0
0,268,64,66,False,False,62.0,55.0
0,262,64,68,False,False,61.0,56.0
0,251,56,68,False,False,62.0,55.0
0,250,62,71,False,False,60.0,56.0
0,239,60,72,False,False,60.0,57.0
0,600,61,68,False,True,58.0,57.0
0,600,60,68,False,False,57.0,58.0
0,600,60,70,False,False,57.0,59.0
0,600,60,72,False,False,55.0,59.0
0,600,60,72,False,False,55.0,60.0
0,600,59,74,False,False,55.0,60.0
0,600,59,70,False,True,54.0,61.0
0,600,61,69,False,False,54.0,60.0
0,600,60,70,False,False,55.0,61.0
0,600,61,69,False,False,55.0,61.0
0,600,62,71,False,False,55.0,62.0
0,600,60,71,False,False,51.0,62.0
0,600,60,72,False,False,55.0,62.0
0,600,60,72,False,False,55.0,62.0
0,600,59,72,False,False,54.0,63.0
0,600,60,72,False,False,55.0,63.0
0,600,60,72,False,False,54.0,63.0
0,600,60,72,False,False,54.0,64.0
0,600,51,71,False,False,53.0,64.0
0,600,60,72,False,False,53.0,65.0
0,600,62,71,False,False,54.0,64.0
0,600,61,72,False,False,53.0,64.0
0,600,61,72,False,False,54.0,64.0
0,600,60,74,False,False,54.0,64.0
0,600,62,73,False,False,55.0,64.0
0,600,61,74,False,False,54.0,64.0
0,600,61,74,False,False,55.0,63.0
0,600,60,73,False,False,54.0,64.0
0,600,60,73,False,False,55.0,65.0
0,600,52,73,False,False,55.0,65.0
0,600,58,74,False,False,54.0,65.0
0,600,58,76,False,False,54.0,66.0
0,600,56,75,False,False,54.0,65.0
0,600,56,76,False,False,54.0,66.0
0,600,57,77,False,False,52.0,65.0
0,600,56,77,False,False,52.0,66.0
0,600,55,78,False,False,51.0,65.0
0,600,54,77,False,False,51.0,67.0
0,600,54,78,False,False,50.0,67.0
0,600,53,77,False,False,51.0,76.0
0,600,52,77,False,False,50.0,68.0
0,600,45,76,False,False,49.0,69.0
0,297,53,76,False,False,49.0,69.0
0,294,52,76,False,False,48.0,69.0
0,281,52,75,False,False,48.0,69.0
0,279,53,74,False,False,47.0,68.0
0,276,53,73,False,False,48.0,68.0
0,267,53,72,False,False,47.0,68.0
0,264,55,73,False,False,47.0,68.0
0,255,55,72,False,False,47.0,68.0
0,252,56,72,False,False,48.0,76.0
0,243,53,70,False,False,48.0,66.0
0,240,59,70,False,False,48.0,65.0
0,234,60,68,False,False,49.0,65.0
0,225,60,68,False,False,49.0,65.0
0,215,62,66,False,False,50.0,65.0
0,213,64,65,False,False,51.0,64.0
0,210,64,65,False,False,53.0,62.0
0,201,66,64,False,False,54.0,62.0
0,198,66,64,False,False,53.0,60.0
0,192,67,62,False,False,55.0,59.0
0,186,62,61,False,False,56.0,58.0
0,180,69,60,False,False,57.0,58.0
0,171,71,59,False,False,58.0,58.0
0,168,72,59,False,False,59.0,57.0
0,159,73,57,False,False,59.0,56.0
0,149,73,55,False,False,60.0,55.0
0,183,69,55,True,False,52.0,54.0
0,233,67,56,True,False,60.0,53.0
0,227,65,55,False,False,60.0,53.0
0,221,66,55,False,False,59.0,52.0
0,215,65,54,False,False,60.0,52.0
0,209,63,52,False,False,59.0,50.0
0,203,63,52,False,False,59.0,50.0
0,184,54,50,False,False,58.0,49.0
0,183,61,49,False,False,58.0,49.0
0,185,61,48,False,False,58.0,47.0
0,182,61,47,False,False,57.0,47.0
0,173,62,45,False,False,57.0,45.0
0,167,63,43,False,False,55.0,43.0
0,161,66,43,False,False,55.0,43.0
0,155,66,41,False,False,54.0,40.0
0,210,63,40,True,False,54.0,39.0
0,204,67,40,False,False,54.0,38.0
0,198,65,39,False,False,54.0,37.0
0,192,57,38,False,False,54.0,36.0
0,186,68,39,False,False,55.0,36.0
0,246,65,39,True,False,55.0,35.0
0,600,62,39,True,False,55.0,36.0
0,600,62,39,False,False,54.0,35.0
0,600,61,38,False,False,54.0,34.0
0,600,61,40,False,False,54.0,34.0
0,600,60,38,False,False,53.0,34.0
0,600,62,39,False,False,53.0,34.0
0,600,64,37,False,False,53.0,34.0
0,600,64,37,False,False,53.0,33.0
0,600,63,38,False,False,53.0,34.0
0,600,62,39,False,False,53.0,33.0
0,600,65,37,False,False,54.0,32.0
0,600,66,38,False,False,54.0,33.0
0,600,67,39,False,False,54.0,33.0
0,600,67,38,False,False,55.0,33.0
0,600,68,39,False,False,55.0,34.0
0,600,65,39,True,False,55.0,34.0
0,600,64,40,False,False,55.0,35.0
0,600,64,41,False,False,56.0,35.0
0,600,65,40,False,False,56.0,35.0
0,600,66,39,False,False,56.0,35.0
0,600,66,41,False,False,56.0,34.0
0,600,63,40,False,False,56.0,35.0
0,600,68,40,False,False,56.0,35.0
0,600,67,42,False,False,56.0,35.0
0,600,68,42,False,False,56.0,35.0
0,600,63,45,True,False,56.0,36.0
0,600,63,46,False,False,55.0,38.0
0,600,63,46,False,False,56.0,39.0
0,600,63,48,False,False,56.0,39.0
0,600,63,49,False,False,56.0,38.0
0,600,63,49,False,False,55.0,39.0
0,600,68,46,False,True,55.0,39.0
0,600,67,47,False,False,56.0,40.0
0,600,69,45,False,False,57.0,40.0
0,600,71,47,False,False,57.0,40.0
0,600,70,47,False,False,58.0,40.0
0,600,70,45,False,False,58.0,40.0
0,600,71,47,False,False,59.0,39.0
0,600,71,45,False,False,59.0,40.0
0,600,72,47,False,False,60.0,40.0
0,600,70,46,False,False,60.0,40.0
0,600,72,49,False,False,60.0,40.0
0,600,72,49,False,False,61.0,40.0
0,600,68,50,False,False,61.0,40.0
0,600,72,48,False,False,61.0,41.0
0,600,73,50,False,False,62.0,42.0
0,600,72,49,False,False,62.0,42.0
0,600,73,49,False,False,61.0,42.0
0,600,72,46,False,False,62.0,42.0
0,600,72,47,False,False,62.0,42.0
0,600,71,46,False,False,62.0,42.0
0,600,72,45,False,False,62.0,42.0
0,600,71,46,False,False,62.0,41.0
0,600,71,45,False,False,62.0,40.0
0,600,68,44,False,False,62.0,39.0
0,600,68,43,False,False,63.0,39.0
0,600,69,44,False,False,63.0,39.0
0,600,70,42,False,False,62.0,38.0
0,600,69,45,False,False,62.0,38.0
0,600,68,43,False,False,61.0,38.0
0,600,69,45,False,False,61.0,38.0
0,600,68,46,False,False,60.0,39.0
0,600,67,45,False,False,60.0,39.0
0,600,69,45,False,False,60.0,39.0
0,600,70,42,False,True,60.0,39.0
0,600,73,43,False,False,61.0,38.0
0,600,73,44,False,False,61.0,38.0
0,600,74,44,False,False,61.0,38.0
0,600,74,45,False,False,62.0,39.0
0,600,75,44,False,False,62.0,39.0
0,600,76,46,False,False,63.0,39.0
0,600,78,47,False,False,64.0,39.0
0,600,80,49,False,False,64.0,39.0
0,600,81,47,False,False,64.0,40.0
0,600,78,48,False,False,64.0,41.0
0,600,67,49,False,False,65.0,42.0
0,600,82,52,False,False,65.0,42.0
0,600,84,53,False,False,66.0,42.0
0,600,85,51,False,False,67.0,43.0
0,600,85,53,False,False,69.0,44.0
0,600,85,54,False,False,69.0,45.0
0,600,87,54,False,False,70.0,45.0
0,600,89,52,False,False,71.0,45.0
0,600,88,53,False,False,71.0,46.0
0,600,94,50,False,True,74.0,46.0
0,600,99,48,False,True,76.0,46.0
0,600,99,48,False,False,78.0,45.0
0,600,99,47,False,False,81.0,44.0
0,600,100,46,False,False,83.0,43.0
0,600,100,46,False,False,83.0,43.0
0,600,100,45,False,False,84.0,43.0
0,299,100,44,False,False,86.0,42.0
0,293,97,44,False,False,87.0,42.0
0,287,100,43,False,False,87.0,41.0
0,281,100,43,False,False,87.0,40.0
0,275,100,43,False,False,87.0,40.0
0,269,100,43,False,False,88.0,39.0
0,263,100,43,False,False,88.0,39.0
0,257,100,43,False,False,88.0,39.0
0,251,100,43,False,False,88.0,39.0
0,245,100,43,False,False,88.0,39.0
0,239,100,43,False,False,88.0,39.0
0,233,100,43,False,False,89.0,39.0
0,227,93,43,False,False,90.0,39.0
0,221,100,43,False,False,90.0,39.0
0,215,100,43,False,False,90.0,39.0
0,209,100,43,False,False,90.0,39.0
0,203,100,43,False,False,90.0,39.0
0,197,100,43,False,False,90.0,39.0
0,191,100,43,False,False,90.0,39.0
0,185,100,44,False,False,90.0,39.0
0,179,100,42,False,False,90.0,39.0
0,173,100,42,False,False,90.0,39.0
0,167,100,42,False,False,90.0,39.0
0,161,100,42,False,False,90.0,38.0
0,155,100,46,False,False,90.0,38.0
0,149,99,200,False,False,90.0,38.0
0,143,99,200,False,False,90.0,38.0
0,137,97,200,False,False,90.0,39.0
0,134,94,200,False,True,90.0,39.0
0,132,99,200,False,True,90.0,40.0
0,130,95,200,False,True,92.0,41.0
0,125,99,200,False,True,94.0,41.0
0,123,97,200,False,True,98.0,44.0
0,120,99,200,False,True,99.0,55.0
0,117,98,200,False,True,94.0,58.0
0,115,96,200,False,True,99.0,61.0
0,112,96,200,False,True,98.0,61.0
0,110,92,200,False,True,99.0,65.0
0,106,91,200,False,True,98.0,67.0
0,104,86,200,False,True,97.0,84.0
0,104,81,200,False,True,95.0,75.0
0,105,79,200,False,True,91.0,70.0
0,105,77,200,False,True,85.0,70.0
0,116,74,200,False,True,81.0,69.0
0,120,70,200,False,True,80.0,70.0
0,136,70,200,False,True,73.0,77.0
0,151,66,200,False,True,70.0,77.0
0,230,63,99,False,True,67.0,77.0
0,600,62,89,False,True,66.0,76.0
0,600,64,87,False,True,62.0,76.0
0,600,62,80,False,True,59.0,77.0
0,269,64,85,False,True,59.0,77.0
0,263,66,87,False,False,59.0,76.0
0,257,68,89,False,False,59.0,75.0
0,251,67,91,False,False,57.0,75.0
0,245,66,93,False,False,57.0,74.0
0,239,69,95,False,False,57.0,76.0
0,233,69,95,False,False,56.0,76.0
0,227,69,94,False,False,59.0,75.0
0,221,68,93,False,False,59.0,77.0
0,215,68,91,False,False,58.0,78.0
0,209,68,90,False,False,59.0,81.0
0,203,68,89,False,False,60.0,82.0
0,197,69,90,False,False,60.0,84.0
0,191,68,88,False,False,61.0,84.0
0,185,70,87,False,False,61.0,84.0
0,179,72,87,False,False,60.0,84.0
0,175,72,86,False,False,59.0,82.0
0,175,73,84,False,False,60.0,80.0
0,174,74,82,False,False,60.0,80.0
0,155,76,80,False,False,61.0,80.0
0,149,77,78,False,False,62.0,79.0
0,181,74,70,True,False,62.0,78.0
0,197,69,74,True,False,63.0,77.0
0,191,70,74,False,False,61.0,75.0
0,185,69,74,False,False,62.0,74.0
0,182,70,69,False,False,61.0,73.0
0,182,70,69,False,False,61.0,73.0
0,182,72,69,False,False,61.0,73.0
0,204,69,66,True,False,61.0,72.0
0,252,66,70,True,False,61.0,72.0
0,246,65,70,False,False,60.0,73.0
0,240,64,70,False,False,59.0,71.0
0,234,63,70,False,False,57.0,71.0
0,228,62,70,False,False,57.0,70.0
0,222,62,69,False,False,57.0,69.0
0,259,59,60,True,False,57.0,68.0
0,600,55,61,True,False,57.0,65.0
0,600,54,61,False,False,56.0,65.0
0,600,54,61,False,False,54.0,65.0
0,600,54,61,False,False,52.0,64.0
0,600,54,61,False,False,50.0,63.0
0,600,54,61,False,False,49.0,63.0
0,600,54,61,False,False,48.0,63.0
0,600,53,61,False,False,48.0,63.0
0,600,53,61,False,False,48.0,63.0
0,600,52,61,False,False,48.0,63.0
0,600,52,61,False,False,48.0,63.0
0,600,52,61,False,False,47.0,63.0
0,600,52,58,False,False,47.0,63.0
0,600,52,58,False,False,46.0,63.0
0,600,54,58,False,False,46.0,62.0
0,600,54,58,False,False,46.0,62.0
0,600,55,58,False,False,46.0,62.0
0,600,55,58,False,False,46.0,61.0
0,600,57,58,False,False,47.0,61.0
0,600,57,57,False,False,48.0,61.0
0,600,59,57,False,False,48.0,61.0
0,600,59,57,False,False,49.0,61.0
0,600,60,55,False,False,49.0,61.0
0,600,61,55,False,False,50.0,61.0
0,600,61,55,False,False,50.0,60.0
0,600,58,57,True,False,57.0,58.0
0,600,60,55,False,False,57.0,57.0
0,600,61,56,False,False,57.0,58.0
0,600,62,55,False,False,57.0,57.0
0,600,62,53,False,False,57.0,58.0
0,600,63,52,False,False,57.0,57.0
0,600,64,52,False,False,57.0,58.0
0,600,65,52,False,False,57.0,57.0
0,296,66,49,False,False,57.0,57.0
0,290,66,47,False,False,57.0,55.0
0,284,67,45,False,False,57.0,47.0
0,278,69,45,False,False,57.0,46.0
0,272,70,44,False,False,57.0,47.0
0,259,67,41,True,False,63.0,46.0
0,253,67,40,False,False,63.0,46.0
0,247,66,40,False,False,64.0,40.0
0,240,66,39,False,False,64.0,39.0
0,234,68,39,False,False,64.0,39.0
0,228,68,39,False,False,64.0,39.0
0,222,70,39,False,False,64.0,34.0
0,217,70,39,False,False,64.0,34.0
0,211,71,41,False,False,64.0,34.0
0,205,74,42,False,False,64.0,34.0
0,198,74,44,False,False,69.0,40.0
0,192,75,45,False,False,69.0,40.0
0,186,76,47,False,False,69.0,40.0
0,180,76,50,False,False,69.0,40.0
0,174,79,53,False,False,69.0,40.0
0,168,80,99,False,False,69.0,46.0
0,162,79,98,False,False,69.0,53.0
0,156,77,64,False,False,69.0,54.0
0,150,77,72,False,False,69.0,56.0
0,144,77,200,False,False,75.0,57.0
0,138,76,200,False,False,75.0,57.0
0,133,75,200,False,False,75.0,57.0
0,127,75,200,False,False,75.0,57.0
0,125,77,200,False,True,69.0,57.0
0,123,81,200,False,True,70.0,67.0
0,122,85,200,False,True,70.0,67.0
0,117,87,200,False,True,73.0,67.0
0,114,87,200,False,True,76.0,68.0
0,118,87,200,False,True,79.0,67.0
0,108,86,200,False,True,83.0,67.0
0,101,84,200,False,False,83.0,68.0
0,96,81,200,False,False,82.0,76.0
0,89,77,200,False,False,82.0,94.0
0,88,74,200,False,True,80.0,87.0
0,86,71,200,False,True,77.0,86.0
0,86,68,200,False,True,74.0,81.0
0,85,64,200,False,True,70.0,80.0
0,99,59,200,False,True,66.0,79.0
0,90,56,200,False,True,63.0,78.0
0,103,53,200,False,True,59.0,77.0
0,103,49,200,False,True,54.0,76.0
0,128,46,100,False,True,50.0,76.0
0,128,45,101,False,True,45.0,75.0
0,161,45,100,False,True,44.0,74.0
0,207,45,97,False,True,42.0,74.0
0,288,45,90,False,True,41.0,74.0
0,600,49,84,False,True,41.0,74.0
0,600,53,80,False,True,42.0,72.0
0,600,57,76,False,True,46.0,75.0
0,600,66,72,False,True,46.0,75.0
0,600,66,70,False,False,48.0,69.0
0,600,67,70,False,False,49.0,68.0
0,600,72,68,False,False,51.0,66.0
0,600,69,67,False,False,53.0,65.0
0,600,65,70,True,False,51.0,62.0
0,600,65,70,False,False,53.0,62.0
0,600,67,69,False,False,54.0,62.0
0,600,67,71,False,False,54.0,60.0
0,600,65,69,False,False,54.0,61.0
0,600,66,70,False,False,54.0,60.0
0,600,68,70,False,False,55.0,60.0
0,600,68,73,False,False,56.0,59.0
0,600,68,75,False,False,56.0,59.0
0,600,65,87,True,False,56.0,52.0
0,600,63,89,False,False,55.0,60.0
0,600,66,94,False,False,55.0,61.0
0,600,62,96,False,False,54.0,63.0
0,600,64,97,False,False,54.0,66.0
0,600,62,98,False,False,54.0,69.0
0,600,61,98,False,False,53.0,72.0
0,600,61,98,False,False,53.0,74.0
0,600,60,97,False,False,52.0,75.0
0,600,61,96,False,False,53.0,78.0
0,600,61,95,False,False,52.0,80.0
0,600,61,95,False,False,52.0,80.0
0,600,59,94,False,False,51.0,80.0
0,600,65,94,False,False,50.0,80.0
0,600,60,92,False,False,51.0,80.0
0,600,60,94,False,False,51.0,80.0
0,600,58,94,False,False,50.0,80.0
0,600,56,94,False,False,50.0,80.0
0,600,56,95,False,False,50.0,80.0
0,600,57,95,False,False,49.0,81.0
0,600,57,93,False,False,50.0,80.0
0,600,57,93,False,False,48.0,80.0
0,600,57,92,False,False,47.0,80.0
0,600,57,92,False,False,48.0,80.0
0,600,63,91,False,False,48.0,80.0
0,600,57,90,False,False,48.0,80.0
0,600,57,90,False,False,48.0,81.0
0,600,58,89,False,False,48.0,80.0
0,600,58,89,False,False,48.0,80.0
0,600,58,88,False,False,48.0,79.0
0,600,58,87,False,False,48.0,78.0
0,600,58,86,False,False,48.0,78.0
0,600,58,85,False,False,49.0,77.0
0,600,58,85,False,False,49.0,69.0
0,600,58,85,False,False,49.0,76.0
0,600,62,84,False,False,49.0,76.0
0,600,58,83,False,False,49.0,75.0
0,600,58,82,False,False,49.0,74.0
0,600,58,81,False,False,49.0,73.0
0,600,58,81,False,False,48.0,73.0
0,600,60,81,False,False,52.0,73.0
0,600,60,81,False,False,49.0,73.0
0,600,60,81,False,False,49.0,72.0
0,600,59,79,False,False,49.0,71.0
0,600,59,78,False,False,49.0,70.0
0,600,70,78,False,False,50.0,70.0
0,600,55,82,True,False,49.0,69.0
0,600,56,82,False,False,49.0,70.0
0,600,56,83,False,False,48.0,70.0
0,600,55,82,False,False,47.0,70.0
0,600,55,83,False,False,46.0,70.0
0,600,53,83,False,False,46.0,70.0
0,600,52,83,False,False,46.0,70.0
0,600,52,82,False,False,47.0,70.0
0,600,51,82,False,False,46.0,70.0
0,600,51,81,False,False,44.0,71.0
0,600,50,80,False,False,44.0,70.0
0,600,51,82,False,False,43.0,71.0
0,600,54,82,False,False,43.0,71.0
0,600,48,81,False,False,42.0,71.0
0,600,52,77,False,True,43.0,70.0
0,301,50,76,False,False,43.0,69.0
0,301,50,75,False,False,43.0,68.0
0,301,51,74,False,False,43.0,67.0
0,301,51,73,False,False,43.0,67.0
0,300,50,71,False,False,43.0,67.0
0,300,52,70,False,False,42.0,66.0
0,294,65,70,False,False,42.0,65.0
0,300,56,69,False,False,42.0,64.0
0,296,56,68,False,False,42.0,63.0
0,290,58,67,False,False,43.0,62.0
0,284,58,66,False,False,44.0,61.0
0,278,60,65,False,False,45.0,60.0
0,271,62,64,False,False,47.0,60.0
0,266,64,63,False,False,48.0,59.0
0,260,65,62,False,False,49.0,57.0
0,253,66,62,False,False,49.0,56.0
0,248,72,61,False,False,50.0,55.0
0,301,70,65,True,False,50.0,54.0
0,301,64,66,False,False,51.0,54.0
0,301,64,66,False,False,51.0,54.0
0,301,65,66,False,False,52.0,55.0
0,301,66,64,False,False,52.0,54.0
0,301,67,63,False,False,53.0,56.0
0,301,66,63,False,False,53.0,55.0
0,293,67,62,False,False,54.0,57.0
0,291,67,62,False,False,55.0,56.0
0,600,63,65,True,False,54.0,55.0
0,600,63,65,False,False,54.0,55.0
0,600,63,65,False,False,54.0,55.0
0,300,65,65,False,False,53.0,55.0
0,300,63,65,False,False,53.0,55.0
0,300,63,64,False,False,53.0,55.0
0,300,63,64,False,False,53.0,55.0
0,300,63,62,False,False,53.0,55.0
0,300,63,61,False,False,53.0,55.0
0,294,63,60,False,False,53.0,55.0
0,288,63,60,False,False,53.0,55.0
0,282,63,60,False,False,53.0,54.0
0,276,63,58,False,False,53.0,54.0
0,600,60,59,True,False,52.0,52.0
0,600,59,60,False,False,52.0,53.0
0,600,58,59,False,False,51.0,53.0
0,600,58,57,False,False,51.0,53.0
0,600,57,57,False,False,50.0,53.0
0,600,55,57,False,False,50.0,52.0
0,600,57,55,False,False,49.0,51.0
0,600,56,55,False,False,49.0,50.0
0,600,56,56,False,False,48.0,49.0
0,600,55,55,False,False,48.0,48.0
0,301,55,55,False,False,48.0,48.0
0,298,54,55,False,False,48.0,48.0
0,298,54,55,False,False,47.0,47.0
0,287,54,53,False,False,47.0,48.0
0,287,54,55,False,False,46.0,47.0
0,275,53,56,False,False,46.0,47.0
0,264,53,56,False,False,45.0,46.0
0,264,51,57,False,False,45.0,47.0
0,265,50,58,False,False,45.0,47.0
0,265,52,57,False,False,44.0,47.0
0,265,54,57,False,False,44.0,48.0
0,600,50,62,True,False,43.0,49.0
0,600,47,66,True,False,42.0,52.0
0,600,46,68,False,False,41.0,53.0
0,600,44,67,False,False,41.0,53.0
0,600,43,67,False,False,40.0,55.0
0,600,44,67,False,False,39.0,56.0
0,600,43,66,False,False,38.0,56.0
0,600,44,67,False,False,38.0,58.0
0,600,44,68,False,False,37.0,58.0
0,600,47,66,False,False,37.0,59.0
0,600,48,66,False,False,37.0,58.0
0,600,50,63,False,False,38.0,58.0
0,600,51,62,False,False,39.0,59.0
0,600,54,61,False,False,40.0,59.0
0,600,54,60,False,False,41.0,59.0
0,600,58,60,False,False,43.0,57.0
0,600,55,60,False,False,44.0,56.0
0,600,55,60,False,False,45.0,54.0
0,600,57,59,False,False,46.0,53.0
0,600,58,61,False,False,47.0,52.0
0,600,59,60,False,False,48.0,52.0
0,600,61,60,False,False,47.0,51.0
0,600,64,60,False,False,48.0,52.0
0,600,64,60,False,False,50.0,52.0
0,600,67,60,False,False,51.0,53.0
0,600,67,60,False,False,51.0,53.0
0,600,69,60,False,False,53.0,52.0
0,600,69,63,False,False,55.0,52.0
0,600,70,60,False,False,55.0,52.0
0,600,70,62,False,False,57.0,52.0
0,600,71,63,False,False,58.0,52.0
0,600,70,63,False,False,59.0,53.0
0,600,71,62,False,False,59.0,53.0
0,600,71,62,False,False,60.0,53.0
0,600,73,61,False,False,60.0,54.0
0,600,73,60,False,False,61.0,55.0
0,600,84,59,False,False,61.0,55.0
0,300,71,60,True,False,60.0,55.0
0,299,73,60,False,False,60.0,55.0
0,292,72,58,False,False,60.0,54.0
0,286,74,60,False,False,60.0,54.0
0,280,76,59,False,False,60.0,53.0
0,274,77,59,False,False,60.0,53.0
0,274,78,60,False,False,61.0,52.0
0,273,79,61,False,False,62.0,51.0
0,257,84,60,False,False,63.0,52.0
0,251,86,61,False,False,64.0,52.0
0,245,89,61,False,False,65.0,52.0
0,239,90,60,False,False,67.0,52.0
0,234,90,62,False,False,67.0,53.0
0,227,89,64,False,False,68.0,52.0
0,222,89,65,False,False,70.0,53.0
0,215,87,68,False,False,73.0,53.0
0,210,86,66,False,False,75.0,54.0
0,207,87,72,False,False,77.0,54.0
0,207,84,77,False,False,78.0,55.0
0,190,83,82,False,False,78.0,56.0
0,184,83,88,False,False,76.0,57.0
0,193,86,80,False,True,77.0,57.0
0,201,90,75,False,True,77.0,57.0
0,211,93,70,False,True,78.0,57.0
0,205,92,73,False,False,77.0,56.0
0,199,92,74,False,False,78.0,56.0
0,193,91,77,False,False,79.0,56.0
0,187,91,81,False,False,80.0,58.0
0,181,89,87,False,False,80.0,58.0
0,175,88,100,False,False,80.0,61.0
0,176,90,92,False,True,80.0,60.0
0,178,93,80,False,True,81.0,60.0
0,171,92,92,False,False,81.0,60.0
0,166,91,101,False,False,81.0,60.0
0,159,90,100,False,False,81.0,61.0
0,160,91,100,False,True,82.0,61.0
0,163,93,95,False,True,82.0,60.0
0,165,98,83,False,True,84.0,59.0
0,159,98,93,False,False,85.0,59.0
0,153,99,101,False,False,84.0,60.0
0,147,98,100,False,False,84.0,61.0
0,149,92,101,False,True,86.0,61.0
0,150,91,95,False,True,85.0,60.0
0,152,92,86,False,True,85.0,60.0
0,145,96,93,False,False,85.0,60.0
0,140,92,100,False,False,84.0,62.0
0,133,88,99,False,False,83.0,63.0
0,137,81,80,False,True,82.0,63.0
0,139,81,90,False,True,81.0,62.0
0,147,80,83,False,True,84.0,62.0
0,152,81,77,False,True,76.0,61.0
0,146,80,80,False,False,76.0,60.0
0,140,81,87,False,False,74.0,60.0
0,134,79,97,False,False,72.0,62.0
0,128,70,100,False,False,71.0,61.0
0,132,76,95,False,True,67.0,61.0
0,141,74,87,False,True,65.0,60.0
0,151,72,79,False,True,69.0,61.0
0,163,72,73,False,True,62.0,58.0
0,157,70,73,False,False,62.0,58.0
0,151,69,73,False,False,62.0,58.0
0,162,70,68,False,True,57.0,58.0
0,192,70,65,False,True,57.0,57.0
0,300,72,65,False,True,64.0,48.0
0,300,71,65,False,False,64.0,46.0
0,300,70,65,False,False,64.0,46.0
0,600,72,62,False,True,63.0,45.0
0,600,74,59,False,True,64.0,45.0
0,600,73,59,False,False,64.0,44.0
0,600,73,61,False,False,64.0,44.0
0,600,72,61,False,False,63.0,42.0
0,600,71,61,False,False,63.0,41.0
0,600,70,64,False,False,63.0,41.0
0,600,69,64,False,False,62.0,41.0
0,600,67,68,False,False,62.0,41.0
0,600,67,68,False,False,62.0,42.0
0,600,66,68,False,False,61.0,42.0
0,600,65,68,False,False,61.0,45.0
0,600,64,68,False,False,59.0,46.0
0,600,63,68,False,False,59.0,47.0
0,600,61,66,False,False,57.0,49.0
0,300,60,83,False,False,56.0,51.0
0,280,61,71,False,True,56.0,51.0
0,272,61,71,False,False,56.0,52.0
0,268,60,70,False,False,54.0,54.0
0,261,60,89,False,False,53.0,54.0
0,254,60,90,False,False,53.0,56.0
0,249,60,92,False,False,52.0,58.0
0,242,59,93,False,False,51.0,60.0
0,237,58,92,False,False,51.0,61.0
0,230,58,93,False,False,51.0,62.0
0,226,56,96,False,False,50.0,64.0
0,218,56,92,False,False,51.0,67.0
0,214,55,96,False,False,49.0,67.0
0,206,54,92,False,False,49.0,69.0
0,200,55,93,False,False,48.0,70.0
0,195,54,92,False,False,47.0,71.0
0,188,56,89,False,False,48.0,71.0
0,183,58,89,False,False,46.0,72.0
0,176,62,85,False,False,47.0,73.0
0,172,64,85,False,False,46.0,73.0
0,164,67,81,False,False,47.0,74.0
0,160,69,80,False,False,48.0,72.0
0,152,75,71,False,False,50.0,72.0
0,164,69,79,True,False,50.0,69.0
0,182,65,82,True,False,50.0,67.0
0,205,62,85,True,False,50.0,67.0
0,257,58,88,True,False,47.0,69.0
0,300,55,89,True,False,40.0,75.0
0,300,55,87,False,False,40.0,75.0
0,294,55,87,False,False,40.0,75.0
0,288,56,85,False,False,39.0,75.0
0,283,56,83,False,False,39.0,75.0
0,600,52,85,True,False,39.0,69.0
0,600,54,83,False,False,39.0,70.0
0,600,54,73,False,False,39.0,69.0
0,600,56,73,False,False,39.0,70.0
0,600,55,73,False,False,35.0,70.0
0,600,57,73,False,False,39.0,70.0
0,600,59,73,False,False,39.0,70.0
0,600,62,73,False,False,39.0,69.0
0,600,63,73,False,False,39.0,62.0
0,600,59,75,True,False,38.0,68.0
0,600,62,73,False,False,37.0,68.0
0,600,64,74,False,False,40.0,65.0
0,600,65,73,False,False,41.0,65.0
0,600,66,72,False,False,44.0,65.0
0,301,70,71,False,False,43.0,65.0
0,300,71,70,False,False,45.0,64.0
0,298,74,70,False,False,53.0,61.0
0,293,75,69,False,False,53.0,61.0
0,286,78,69,False,False,50.0,61.0
0,281,79,68,False,False,50.0,61.0
0,274,79,67,False,False,50.0,61.0
0,269,80,67,False,False,53.0,59.0
0,263,83,66,False,False,56.0,59.0
0,257,83,67,False,False,56.0,59.0
0,251,85,65,False,False,56.0,59.0
0,245,88,66,False,False,58.0,56.0
0,239,87,55,False,False,61.0,56.0
0,233,88,59,False,False,68.0,56.0
0,227,88,62,False,False,69.0,56.0
0,221,88,63,False,False,69.0,56.0
0,215,89,63,False,False,69.0,56.0
0,209,90,63,False,False,69.0,47.0
0,203,89,63,False,False,69.0,50.0
0,197,90,62,False,False,69.0,50.0
0,189,90,62,False,False,70.0,52.0
0,184,90,61,False,False,70.0,52.0
0,179,89,61,False,False,70.0,52.0
0,172,89,61,False,False,75.0,52.0
0,167,88,63,False,False,73.0,52.0
0,161,88,66,False,False,73.0,53.0
0,155,86,69,False,False,70.0,52.0
0,149,85,81,False,False,70.0,53.0
0,143,85,81,False,False,70.0,50.0
0,137,83,77,False,False,70.0,53.0
0,131,82,200,False,False,69.0,53.0
0,130,82,200,False,True,66.0,54.0
0,131,84,63,False,True,69.0,51.0
0,125,82,200,False,False,69.0,51.0
0,119,80,200,False,False,69.0,58.0
0,117,79,200,False,True,69.0,57.0
0,113,80,200,False,True,75.0,48.0
0,112,79,200,False,True,75.0,48.0
0,108,79,200,False,True,74.0,48.0
0,108,76,200,False,True,76.0,47.0
0,105,76,200,False,True,75.0,46.0
0,99,74,200,False,False,75.0,46.0
0,99,72,200,False,True,72.0,48.0
0,100,72,200,False,True,71.0,48.0
0,102,71,200,False,True,69.0,48.0
0,89,68,200,False,True,68.0,48.0
0,120,65,95,False,True,68.0,48.0
0,118,62,87,False,True,66.0,49.0
0,116,60,84,False,True,63.0,49.0
0,137,59,74,False,True,61.0,49.0
0,147,56,71,False,True,58.0,49.0
0,161,57,64,False,True,56.0,51.0
0,190,60,60,False,True,55.0,50.0
0,208,64,57,False,True,53.0,50.0
0,202,61,58,False,False,53.0,51.0
0,196,64,59,False,False,53.0,51.0
0,190,66,58,False,False,54.0,50.0
0,185,67,60,False,False,54.0,50.0
0,229,67,56,False,True,55.0,50.0
0,265,69,53,False,True,58.0,50.0
0,259,67,52,False,False,60.0,49.0
0,253,65,52,False,False,62.0,49.0
0,247,67,52,False,False,62.0,47.0
0,241,67,72,False,False,62.0,47.0
0,235,65,73,False,False,62.0,46.0
0,600,67,69,False,True,60.0,46.0
0,600,70,66,False,True,61.0,46.0
0,600,70,64,False,False,62.0,45.0
0,600,70,64,False,False,62.0,47.0
0,600,71,63,False,False,62.0,57.0
0,600,66,63,False,False,61.0,58.0
0,600,71,62,False,False,61.0,59.0
0,600,71,62,False,False,62.0,58.0
0,600,72,59,False,True,62.0,58.0
0,600,73,58,False,False,63.0,57.0
0,600,73,57,False,False,55.0,56.0
0,600,73,57,False,False,64.0,54.0
0,600,72,55,False,False,65.0,54.0
0,600,73,53,False,False,65.0,53.0
0,600,73,53,False,False,67.0,53.0
0,600,69,51,False,False,68.0,52.0
0,600,73,50,False,False,68.0,50.0
0,600,72,51,False,False,69.0,49.0
0,600,73,51,False,False,69.0,48.0
0,600,73,52,False,False,69.0,47.0
0,600,73,51,False,False,69.0,46.0
0,600,73,52,False,False,68.0,45.0
0,600,73,52,False,False,68.0,46.0
0,600,73,52,False,False,68.0,46.0
0,600,73,52,False,False,69.0,47.0
0,600,73,53,False,False,68.0,46.0
0,600,69,54,False,False,68.0,53.0
0,600,73,53,False,False,68.0,46.0
0,600,72,54,False,False,68.0,47.0
0,600,73,53,False,False,68.0,47.0
0,600,73,55,False,False,69.0,48.0
0,600,73,54,False,False,69.0,49.0
0,600,73,55,False,False,69.0,48.0
0,600,73,55,False,False,69.0,49.0
0,600,73,56,False,False,68.0,48.0
0,600,73,56,False,False,69.0,48.0
0,600,73,57,False,False,68.0,49.0
0,600,70,56,False,False,68.0,50.0
0,600,73,56,False,False,67.0,49.0
0,600,73,56,False,False,67.0,50.0
0,600,73,56,False,False,66.0,50.0
0,600,73,56,False,False,67.0,50.0
0,600,73,55,False,False,67.0,50.0
0,600,73,56,False,False,60.0,49.0
0,600,73,57,False,False,69.0,50.0
0,600,73,58,False,False,68.0,50.0
0,600,73,57,False,False,68.0,51.0
0,600,73,57,False,False,68.0,49.0
0,600,70,58,False,False,68.0,51.0
0,600,73,57,False,False,69.0,51.0
0,600,73,58,False,False,68.0,51.0
0,600,73,57,False,False,68.0,52.0
0,600,73,58,False,False,68.0,51.0
0,600,72,59,False,False,68.0,52.0
0,600,72,59,False,False,60.0,51.0
0,600,71,60,False,False,67.0,52.0
0,600,70,61,False,False,66.0,51.0
0,294,70,61,False,False,65.0,52.0
0,293,69,62,False,False,64.0,53.0
0,282,70,61,False,False,64.0,53.0
0,281,62,62,False,False,63.0,54.0
0,275,68,61,False,False,63.0,55.0
0,269,69,60,False,False,62.0,55.0
0,263,69,61,False,False,62.0,55.0
0,257,70,60,False,False,62.0,55.0
0,251,69,60,False,False,60.0,55.0
0,245,69,59,False,False,62.0,55.0
0,239,70,57,False,False,61.0,53.0
0,292,67,61,True,False,61.0,55.0
0,286,67,62,False,False,60.0,55.0
0,280,67,61,False,False,59.0,55.0
0,274,67,61,False,False,59.0,54.0
0,268,59,60,False,False,60.0,54.0
0,264,68,60,False,False,59.0,54.0
0,258,68,59,False,False,60.0,55.0
0,250,69,58,False,False,59.0,54.0
0,244,70,57,False,False,60.0,54.0
0,228,71,57,False,False,51.0,53.0
0,229,72,58,False,False,61.0,53.0
0,226,72,58,False,False,61.0,52.0
0,220,72,57,False,False,61.0,52.0
0,214,72,57,False,False,61.0,52.0
0,208,65,56,False,False,62.0,52.0
0,202,73,56,False,False,63.0,52.0
0,196,73,55,False,False,63.0,52.0
0,190,74,55,False,False,63.0,51.0
0,184,74,54,False,False,63.0,51.0
0,178,74,52,False,False,63.0,50.0
0,162,73,51,False,False,63.0,50.0
0,219,70,52,True,False,63.0,50.0
0,293,67,54,True,False,63.0,49.0
0,287,66,54,False,False,63.0,49.0
0,274,65,53,False,False,62.0,49.0
0,272,64,53,False,False,62.0,48.0
0,269,62,51,False,False,61.0,48.0
0,263,59,51,False,False,60.0,48.0
0,257,60,50,False,False,58.0,47.0
0,251,59,50,False,False,58.0,47.0
0,245,58,48,False,False,57.0,46.0
0,239,58,47,False,False,55.0,45.0
0,233,58,47,False,False,54.0,45.0
0,227,58,46,False,False,53.0,44.0
0,210,60,45,False,False,52.0,42.0
0,210,59,43,False,False,51.0,42.0
0,209,63,42,False,False,51.0,41.0
0,203,61,42,False,False,51.0,40.0
0,296,58,44,True,False,51.0,39.0
0,271,51,42,False,False,51.0,39.0
0,294,61,42,False,False,51.0,39.0
0,259,61,41,False,False,50.0,39.0
0,298,61,40,False,False,52.0,39.0
0,298,61,39,False,False,51.0,37.0
0,600,58,42,True,False,51.0,36.0
0,600,55,45,True,False,51.0,37.0
0,600,56,45,False,False,50.0,38.0
0,600,55,42,False,False,49.0,38.0
0,600,54,44,False,False,49.0,38.0
0,600,53,45,False,False,48.0,38.0
0,600,55,48,False,False,48.0,38.0
0,600,53,49,False,False,48.0,39.0
0,600,54,48,False,False,48.0,39.0
0,600,55,48,False,False,48.0,40.0
0,600,55,50,False,False,47.0,41.0
0,600,56,50,False,False,47.0,42.0
0,600,55,49,False,False,47.0,42.0
0,600,54,49,False,False,48.0,42.0
0,600,57,48,False,False,48.0,43.0
0,600,55,48,False,False,48.0,42.0
0,600,56,49,False,False,48.0,42.0
0,600,57,48,False,False,48.0,42.0
0,600,55,48,False,False,48.0,42.0
0,600,59,50,False,False,48.0,43.0
0,600,59,53,False,False,48.0,43.0
0,600,58,51,False,False,48.0,43.0
0,600,59,50,False,False,49.0,43.0
0,600,59,50,False,False,50.0,44.0
0,600,60,50,False,False,50.0,45.0
0,600,62,51,False,False,51.0,44.0
0,600,62,52,False,False,51.0,44.0
0,600,62,52,False,False,51.0,44.0
0,600,63,51,False,False,51.0,44.0
0,600,61,51,False,False,52.0,45.0
0,600,64,49,False,False,52.0,45.0
0,600,66,52,False,False,53.0,45.0
0,600,64,51,False,False,54.0,45.0
0,600,65,53,False,False,54.0,44.0
0,600,66,51,False,False,54.0,44.0
0,600,66,52,False,False,55.0,44.0
0,600,67,51,False,False,55.0,45.0
0,600,65,55,False,False,56.0,45.0
0,600,65,55,False,False,56.0,45.0
0,600,67,54,False,False,56.0,45.0
0,600,63,54,False,False,56.0,45.0
0,600,67,53,False,False,57.0,46.0
0,600,66,53,False,False,57.0,47.0
0,600,66,54,False,False,57.0,47.0
0,600,65,52,False,False,57.0,47.0
0,600,66,52,False,False,57.0,47.0
0,600,67,52,False,False,57.0,47.0
0,600,66,50,False,False,57.0,46.0
0,600,67,52,False,False,58.0,46.0
0,600,66,51,False,False,58.0,46.0
0,600,66,50,False,False,57.0,44.0
0,600,63,49,False,False,57.0,44.0
0,600,63,50,False,False,58.0,45.0
0,600,64,48,False,False,58.0,44.0
0,600,64,51,False,False,57.0,43.0
0,600,63,49,False,False,57.0,43.0
0,600,63,51,False,False,56.0,43.0
0,600,64,49,False,False,56.0,43.0
0,600,63,51,False,False,55.0,43.0
0,600,62,50,False,False,56.0,43.0
0,600,68,47,False,True,56.0,43.0
0,600,65,49,False,False,56.0,42.0
0,600,68,49,False,False,57.0,43.0
0,600,68,49,False,False,57.0,42.0
0,600,70,51,False,False,57.0,42.0
0,600,69,48,False,False,57.0,43.0
0,600,70,49,False,False,58.0,43.0
0,600,72,52,False,False,59.0,43.0
0,600,73,54,False,False,59.0,43.0
0,600,73,52,False,False,60.0,43.0
0,600,76,53,False,False,60.0,44.0
0,600,73,55,False,False,60.0,46.0
0,600,63,57,False,False,61.0,47.0
0,600,77,56,False,False,62.0,46.0
0,600,79,56,False,False,62.0,47.0
0,600,80,59,False,False,63.0,48.0
0,600,81,57,False,False,65.0,49.0
0,600,89,54,False,True,67.0,49.0
0,600,90,53,False,False,69.0,49.0
0,600,88,54,False,False,69.0,48.0
0,600,89,52,False,False,70.0,49.0
0,600,91,53,False,False,72.0,48.0
0,600,91,54,False,False,73.0,48.0
0,600,90,53,False,False,73.0,47.0
0,600,90,55,False,False,75.0,47.0
0,600,89,54,False,False,77.0,47.0
0,298,90,52,False,False,78.0,48.0
0,298,89,54,False,False,78.0,47.0
0,287,89,52,False,False,79.0,48.0
0,287,88,53,False,False,80.0,47.0
0,275,88,54,False,False,80.0,47.0
0,275,85,54,False,False,79.0,47.0
0,264,89,55,False,False,79.0,47.0
0,254,88,56,False,False,79.0,47.0
0,248,88,56,False,False,79.0,48.0
0,242,87,57,False,False,78.0,48.0
0,241,86,58,False,False,78.0,49.0
0,230,86,58,False,False,77.0,49.0
0,230,85,59,False,False,77.0,50.0
0,218,85,60,False,False,76.0,50.0
0,218,84,60,False,False,77.0,51.0
0,207,84,61,False,False,77.0,52.0
0,207,80,61,False,False,77.0,52.0
0,195,82,62,False,False,76.0,53.0
0,195,82,63,False,False,75.0,53.0
0,184,81,63,False,False,75.0,54.0
0,184,80,63,False,False,74.0,54.0
0,172,80,63,False,False,74.0,55.0
0,172,79,64,False,False,73.0,55.0
0,161,79,67,False,False,73.0,56.0
0,161,78,200,False,False,72.0,55.0
0,150,78,200,False,False,72.0,56.0
0,146,75,200,False,True,71.0,56.0
0,146,82,200,False,True,72.0,56.0
0,146,82,200,False,True,74.0,55.0
0,146,92,200,False,True,76.0,56.0
0,146,98,200,False,True,78.0,55.0
0,142,98,200,False,True,82.0,55.0
0,137,98,200,False,False,84.0,52.0
0,131,97,200,False,False,85.0,50.0
0,130,98,200,False,True,89.0,50.0
0,129,97,200,False,True,91.0,50.0
0,125,96,200,False,True,94.0,50.0
0,125,96,200,False,True,95.0,50.0
0,124,98,200,False,True,98.0,49.0
0,120,92,200,False,True,98.0,49.0
0,118,90,200,False,True,97.0,50.0
0,112,88,200,False,False,97.0,57.0
0,106,86,200,False,False,95.0,85.0
0,106,82,200,False,True,95.0,75.0
0,107,80,200,False,True,91.0,70.0
0,106,77,200,False,True,85.0,66.0
0,119,75,200,False,True,81.0,69.0
0,122,73,200,False,True,80.0,70.0
0,139,70,200,False,True,74.0,76.0
0,154,67,200,False,True,72.0,76.0
0,240,65,96,False,True,69.0,76.0
0,600,65,89,False,True,67.0,76.0
0,600,65,80,False,True,64.0,75.0
0,600,64,80,False,True,61.0,75.0
0,600,64,81,False,False,60.0,75.0
0,600,63,98,False,False,60.0,75.0
0,600,62,98,False,False,59.0,75.0
0,297,65,93,False,False,60.0,75.0
0,292,63,92,False,False,56.0,77.0
0,285,63,93,False,False,56.0,78.0
0,280,63,92,False,False,55.0,77.0
0,273,63,93,False,False,55.0,79.0
0,268,63,92,False,False,55.0,82.0
0,261,62,93,False,False,55.0,85.0
0,256,62,92,False,False,54.0,86.0
0,249,60,93,False,False,54.0,88.0
0,244,59,92,False,False,55.0,89.0
0,237,59,93,False,False,55.0,90.0
0,232,59,92,False,False,54.0,90.0
0,226,59,93,False,False,54.0,89.0
0,219,60,93,False,False,53.0,88.0
0,214,60,93,False,False,52.0,88.0
0,207,61,93,False,False,51.0,88.0
0,201,60,90,False,False,52.0,88.0
0,195,61,81,False,False,52.0,87.0
0,189,61,80,False,False,52.0,88.0
0,226,58,86,True,False,52.0,87.0
0,220,58,86,False,False,52.0,85.0
0,214,58,86,False,False,52.0,84.0
0,208,58,80,False,False,51.0,83.0
0,200,59,81,False,False,51.0,83.0
0,193,59,81,False,False,50.0,83.0
0,235,56,77,True,False,51.0,82.0
0,227,58,78,False,False,51.0,81.0
0,222,58,73,False,False,50.0,82.0
0,215,58,73,False,False,49.0,81.0
0,210,57,70,False,False,49.0,80.0
0,204,57,66,False,False,50.0,79.0
0,237,54,70,True,False,50.0,76.0
0,231,54,70,False,False,50.0,75.0
0,225,54,70,False,False,49.0,73.0
0,220,56,70,False,False,49.0,72.0
0,213,57,69,False,False,47.0,70.0
0,207,58,68,False,False,47.0,69.0
0,202,62,58,False,False,47.0,67.0
0,196,59,58,False,False,48.0,66.0
0,222,57,59,True,False,48.0,63.0
0,600,54,61,True,False,48.0,63.0
0,600,52,61,False,False,48.0,63.0
0,600,52,59,False,False,48.0,63.0
0,600,52,59,False,False,48.0,63.0
0,600,52,59,False,False,47.0,63.0
0,600,52,58,False,False,47.0,63.0
0,600,54,58,False,False,46.0,63.0
0,600,54,58,False,False,46.0,62.0
0,600,54,58,False,False,46.0,62.0
0,600,56,58,False,False,46.0,62.0
0,600,53,61,True,False,46.0,57.0
0,600,50,64,True,False,47.0,57.0
0,600,49,66,False,False,46.0,57.0
0,600,49,66,False,False,52.0,57.0
0,600,48,67,False,False,52.0,57.0
0,600,49,67,False,False,52.0,57.0
0,600,48,69,False,False,52.0,63.0
0,600,48,67,False,False,52.0,63.0
0,600,48,67,False,False,52.0,63.0
0,600,47,67,False,False,52.0,63.0
0,600,51,64,False,True,46.0,68.0
0,600,51,64,False,False,46.0,68.0
0,600,52,61,False,False,46.0,68.0
0,600,52,60,False,False,46.0,68.0
0,600,53,60,False,False,46.0,57.0
0,298,55,59,False,False,46.0,58.0
0,292,56,55,False,False,46.0,57.0
0,286,57,56,False,False,47.0,58.0
0,280,56,55,False,False,47.0,57.0
0,274,58,52,False,False,57.0,58.0
0,268,58,49,False,False,57.0,56.0
0,262,60,49,False,False,57.0,58.0
0,256,62,47,False,False,57.0,57.0
0,250,62,45,False,False,57.0,58.0
0,244,64,43,False,False,57.0,47.0
0,238,65,43,False,False,57.0,46.0
0,232,67,43,False,False,57.0,47.0
0,226,69,43,False,False,57.0,46.0
0,220,71,43,False,False,57.0,47.0
0,214,73,43,False,False,57.0,46.0
0,208,74,43,False,False,57.0,47.0
0,202,75,44,False,False,58.0,46.0
0,196,78,45,False,False,60.0,47.0
0,190,81,47,False,False,69.0,46.0
0,184,81,47,False,False,69.0,47.0
0,178,83,52,False,False,69.0,46.0
0,172,82,52,False,False,69.0,47.0
0,166,83,101,False,False,69.0,46.0
0,160,82,92,False,False,69.0,47.0
0,154,83,92,False,False,69.0,46.0
0,148,82,64,False,False,80.0,47.0
0,142,82,200,False,False,80.0,57.0
0,136,82,200,False,False,80.0,58.0
0,130,82,200,False,False,80.0,57.0
0,124,81,200,False,False,80.0,58.0
0,118,81,200,False,False,80.0,58.0
0,112,80,200,False,False,80.0,69.0
0,109,82,200,False,True,73.0,100.0
0,108,83,200,False,True,74.0,100.0
0,103,82,200,False,True,75.0,100.0
0,100,81,200,False,True,77.0,101.0
0,97,79,200,False,True,80.0,92.0
0,93,77,200,False,True,79.0,83.0
0,91,74,200,False,True,77.0,77.0
0,90,72,200,False,True,75.0,76.0
0,88,68,200,False,True,75.0,75.0
0,89,66,200,False,True,69.0,75.0
0,90,62,200,False,True,68.0,75.0
0,93,58,200,False,True,64.0,75.0
0,103,55,200,False,True,62.0,75.0
0,108,52,100,False,True,57.0,75.0
0,134,50,101,False,True,52.0,75.0
0,135,48,100,False,True,50.0,74.0
0,161,48,100,False,True,46.0,74.0
0,207,48,92,False,True,44.0,75.0
0,300,49,86,False,True,43.0,75.0
0,600,52,80,False,True,44.0,76.0
0,600,56,77,False,True,45.0,73.0
0,600,56,77,False,False,45.0,69.0
0,600,56,77,False,False,45.0,68.0
0,600,58,77,False,False,46.0,68.0
0,600,58,77,False,False,47.0,67.0
0,600,58,78,False,False,48.0,67.0
0,600,59,78,False,False,47.0,66.0
0,600,57,77,False,False,47.0,65.0
0,600,63,77,False,False,48.0,66.0
0,600,58,78,False,False,49.0,66.0
0,600,58,78,False,False,49.0,64.0
0,600,58,79,False,False,50.0,65.0
0,600,58,80,False,False,49.0,65.0
0,600,57,83,False,False,49.0,66.0
0,600,57,89,False,False,48.0,65.0
0,600,56,93,False,False,48.0,66.0
0,600,61,86,False,True,49.0,66.0
0,600,61,89,False,False,49.0,66.0
0,600,65,89,False,False,49.0,66.0
0,600,61,92,False,False,50.0,66.0
0,600,62,95,False,False,50.0,67.0
0,600,61,96,False,False,50.0,68.0
0,600,61,97,False,False,50.0,70.0
0,600,61,97,False,False,51.0,73.0
0,600,61,97,False,False,50.0,75.0
0,600,64,96,False,False,52.0,76.0
0,600,62,94,False,False,51.0,78.0
0,600,63,93,False,False,51.0,79.0
0,600,74,91,False,False,50.0,81.0
0,600,65,90,False,False,51.0,82.0
0,600,64,89,False,False,53.0,82.0
0,600,65,88,False,False,52.0,83.0
0,600,64,87,False,False,53.0,82.0
0,600,60,91,True,False,52.0,80.0
0,600,58,91,False,False,52.0,80.0
0,600,58,92,False,False,59.0,79.0
0,600,59,92,False,False,52.0,79.0
0,600,59,91,False,False,52.0,78.0
0,600,59,91,False,False,50.0,78.0
0,600,59,90,False,False,50.0,75.0
0,600,60,90,False,False,50.0,78.0
0,600,62,89,False,False,50.0,78.0
0,600,59,88,False,False,49.0,78.0
0,600,59,88,False,False,50.0,80.0
0,600,59,87,False,False,50.0,78.0
0,600,61,87,False,False,50.0,78.0
0,600,61,86,False,False,52.0,77.0
0,600,61,85,False,False,50.0,77.0
0,600,61,83,False,False,50.0,76.0
0,600,61,83,False,False,50.0,75.0
0,600,60,83,False,False,51.0,74.0
0,600,69,83,False,False,51.0,74.0
0,600,61,82,False,False,51.0,74.0
0,600,61,81,False,False,51.0,73.0
0,600,61,80,False,False,51.0,72.0
0,600,61,79,False,False,50.0,71.0
0,600,61,79,False,False,50.0,71.0
0,600,61,79,False,False,50.0,71.0
0,600,61,79,False,False,51.0,71.0
0,600,58,82,True,False,50.0,70.0
0,600,58,83,False,False,50.0,69.0
0,600,57,82,False,False,50.0,70.0
0,600,55,83,False,False,50.0,70.0
0,600,64,82,False,False,49.0,70.0
0,600,55,83,False,False,49.0,70.0
0,600,56,83,False,False,47.0,70.0
0,600,55,83,False,False,47.0,70.0
0,600,54,83,False,False,46.0,70.0
0,600,52,83,False,False,46.0,70.0
0,600,52,83,False,False,46.0,70.0
0,600,52,82,False,False,46.0,63.0
0,600,52,82,False,False,45.0,71.0
0,600,51,81,False,False,44.0,71.0
0,600,50,82,False,False,44.0,71.0
0,600,60,82,False,False,43.0,71.0
0,600,51,82,False,False,42.0,71.0
0,600,48,81,False,False,42.0,71.0
0,600,48,80,False,False,42.0,70.0
0,600,47,80,False,False,41.0,70.0
0,600,46,79,False,False,41.0,69.0
0,600,46,78,False,False,40.0,70.0
0,600,45,78,False,False,39.0,70.0
0,600,45,78,False,False,39.0,70.0
0,600,44,78,False,False,39.0,69.0
0,600,45,77,False,False,37.0,69.0
0,600,46,77,False,False,38.0,68.0
0,600,47,76,False,False,36.0,67.0
0,600,47,76,False,False,37.0,67.0
0,600,48,75,False,False,37.0,67.0
0,600,48,74,False,False,38.0,67.0
0,600,48,74,False,False,38.0,66.0
0,600,49,76,False,False,39.0,66.0
0,600,50,75,False,False,39.0,65.0
0,600,51,76,False,False,40.0,65.0
0,600,51,76,False,False,40.0,64.0
0,600,52,76,False,False,41.0,64.0
0,600,55,77,False,False,42.0,63.0
0,600,53,76,False,False,42.0,65.0
0,600,54,75,False,False,43.0,64.0
0,600,55,74,False,False,43.0,65.0
0,600,55,74,False,False,44.0,65.0
0,301,55,73,False,False,44.0,66.0
0,301,55,73,False,False,45.0,66.0
0,301,56,72,False,False,45.0,66.0
0,301,57,71,False,False,46.0,65.0
0,298,57,71,False,False,46.0,64.0
0,296,62,70,False,False,46.0,63.0
0,290,59,70,False,False,46.0,62.0
0,600,55,72,True,False,46.0,62.0
0,301,55,72,False,False,46.0,62.0
0,301,55,70,False,False,46.0,62.0
0,301,55,69,False,False,46.0,62.0
0,301,55,68,False,False,46.0,62.0
0,301,55,68,False,False,46.0,62.0
0,301,55,68,False,False,46.0,62.0
0,301,55,68,False,False,46.0,61.0
0,299,55,66,False,False,46.0,60.0
0,293,55,64,False,False,46.0,59.0
0,287,55,64,False,False,46.0,58.0
0,281,55,62,False,False,46.0,58.0
0,275,55,60,False,False,46.0,58.0
0,269,53,59,False,False,46.0,57.0
0,263,56,58,False,False,46.0,56.0
0,257,56,57,False,False,46.0,54.0
0,251,56,56,False,False,46.0,53.0
0,245,56,56,False,False,46.0,52.0
0,600,53,56,True,False,45.0,50.0
0,600,52,57,False,False,46.0,51.0
0,299,51,58,False,False,45.0,50.0
0,299,60,56,False,False,44.0,50.0
0,288,51,58,False,False,44.0,50.0
0,288,51,59,False,False,43.0,49.0
0,276,50,59,False,False,43.0,49.0
0,276,50,60,False,False,42.0,49.0
0,265,48,61,False,False,43.0,49.0
0,265,51,61,False,False,42.0,49.0
0,264,48,60,False,False,42.0,50.0
0,264,50,58,False,False,41.0,50.0
0,264,51,60,False,False,41.0,51.0
0,600,48,62,True,False,41.0,52.0
0,600,48,64,False,False,41.0,53.0
0,600,52,63,False,False,41.0,53.0
0,600,46,63,False,False,40.0,54.0
0,600,48,62,False,False,40.0,54.0
0,600,48,61,False,False,40.0,54.0
0,600,50,64,False,False,40.0,55.0
0,600,53,61,False,False,40.0,55.0
0,600,51,63,True,False,40.0,56.0
0,600,47,63,True,False,40.0,56.0
0,600,50,62,False,False,40.0,58.0
0,600,49,62,False,False,40.0,58.0
0,600,50,61,False,False,41.0,58.0
0,600,52,62,False,False,42.0,56.0
0,600,51,61,False,False,43.0,55.0
0,600,53,65,False,False,43.0,55.0
0,600,51,65,False,False,44.0,55.0
0,600,51,64,False,False,44.0,54.0
0,600,52,65,False,False,44.0,54.0
0,600,53,67,False,False,45.0,54.0
0,600,53,68,False,False,44.0,55.0
0,600,55,67,False,False,45.0,57.0
0,600,56,69,False,False,45.0,57.0
0,600,56,69,False,False,46.0,58.0
0,600,58,72,False,False,46.0,58.0
0,600,58,70,False,False,46.0,58.0
0,600,59,73,False,False,48.0,59.0
0,600,58,74,False,False,48.0,59.0
0,600,59,75,False,False,49.0,61.0
0,600,59,77,False,False,51.0,61.0
0,600,59,75,False,False,50.0,62.0
0,600,56,75,False,False,50.0,63.0
0,600,56,74,False,False,51.0,64.0
0,600,56,73,False,False,50.0,65.0
0,300,56,73,False,False,50.0,66.0
0,300,58,72,False,False,50.0,66.0
0,295,56,71,False,False,49.0,66.0
0,289,64,71,False,False,49.0,66.0
0,280,59,71,False,False,49.0,65.0
0,277,60,72,False,False,49.0,64.0
0,274,62,71,False,False,49.0,64.0
0,282,70,68,False,True,51.0,64.0
0,278,74,70,False,False,53.0,63.0
0,270,77,68,False,False,54.0,61.0
0,266,81,67,False,False,56.0,60.0
0,258,85,67,False,False,58.0,61.0
0,256,88,66,False,False,60.0,60.0
0,252,85,66,False,False,61.0,60.0
0,250,85,67,False,False,63.0,60.0
0,235,87,68,False,False,66.0,59.0
0,228,87,69,False,False,68.0,59.0
0,224,85,71,False,False,71.0,59.0
0,220,85,69,False,False,72.0,58.0
0,212,84,72,False,False,74.0,59.0
0,204,84,75,False,False,74.0,58.0
0,201,82,79,False,False,74.0,59.0
0,193,83,84,False,False,74.0,59.0
0,189,92,87,False,False,74.0,61.0
0,196,86,81,False,True,74.0,60.0
0,208,89,75,False,True,74.0,60.0
0,202,88,78,False,False,74.0,59.0
0,196,88,79,False,False,76.0,59.0
0,190,87,83,False,False,76.0,60.0
0,184,86,90,False,False,76.0,61.0
0,178,85,101,False,False,77.0,63.0
0,179,88,89,False,True,77.0,62.0
0,181,91,81,False,True,78.0,62.0
0,175,90,89,False,False,78.0,62.0
0,169,90,100,False,False,78.0,63.0
0,163,88,100,False,False,78.0,62.0
0,157,87,101,False,False,79.0,64.0
0,158,88,101,False,True,79.0,63.0
0,159,91,100,False,True,79.0,63.0
0,154,89,101,False,False,80.0,63.0
0,148,88,100,False,False,81.0,65.0
0,142,86,200,False,False,80.0,66.0
0,143,88,100,False,True,80.0,65.0
0,145,92,101,False,True,81.0,65.0
0,139,92,100,False,False,81.0,68.0
0,133,82,200,False,False,80.0,70.0
0,127,80,200,False,False,78.0,72.0
0,121,77,200,False,False,77.0,75.0
0,122,84,200,False,True,76.0,73.0
0,122,75,200,False,True,74.0,73.0
0,124,73,100,False,True,73.0,72.0
0,129,70,99,False,True,71.0,71.0
0,123,70,100,False,False,76.0,72.0
0,117,65,200,False,False,70.0,73.0
0,120,63,100,False,True,64.0,68.0
0,127,70,100,False,True,61.0,65.0
0,133,70,99,False,True,59.0,64.0
0,142,69,93,False,True,58.0,65.0
0,152,69,82,False,True,57.0,68.0
0,145,67,81,False,False,55.0,68.0
0,157,66,73,False,True,62.0,70.0
0,176,67,68,False,True,57.0,69.0
0,168,65,68,False,False,57.0,64.0
0,160,64,68,False,False,57.0,64.0
0,152,63,83,False,False,57.0,64.0
0,152,62,85,False,False,57.0,64.0
0,170,62,81,False,True,57.0,57.0
0,205,64,65,False,True,57.0,54.0
0,245,65,65,False,True,58.0,54.0
0,239,65,64,False,False,56.0,52.0
0,233,65,65,False,False,57.0,52.0
0,227,63,64,False,False,56.0,51.0
0,600,65,67,False,True,57.0,51.0
0,600,68,61,False,True,57.0,50.0
0,600,68,62,False,False,58.0,49.0
0,600,67,61,False,False,57.0,48.0
0,600,67,66,False,False,58.0,46.0
0,600,66,65,False,False,58.0,46.0
0,600,66,66,False,False,58.0,45.0
0,600,65,69,False,False,58.0,45.0
0,289,69,64,False,True,59.0,44.0
0,282,69,64,False,False,58.0,44.0
0,277,68,64,False,False,59.0,44.0
0,269,68,64,False,False,58.0,46.0
0,263,68,64,False,False,59.0,46.0
0,258,68,69,False,False,59.0,46.0
0,251,68,69,False,False,59.0,47.0
0,246,69,69,False,False,59.0,48.0
0,240,69,69,False,False,58.0,48.0
0,234,69,64,False,False,58.0,48.0
0,228,69,65,False,False,58.0,49.0
0,222,69,75,False,False,58.0,51.0
0,216,69,75,False,False,58.0,52.0
0,210,68,75,False,False,58.0,53.0
0,222,64,86,True,False,58.0,56.0
0,242,61,95,True,False,58.0,60.0
0,235,60,94,False,False,56.0,62.0
0,218,59,94,False,False,56.0,64.0
0,218,58,94,False,False,55.0,65.0
0,218,58,91,False,False,54.0,67.0
0,212,56,91,False,False,53.0,68.0
0,206,57,91,False,False,51.0,69.0
0,200,58,88,False,False,50.0,70.0
0,194,59,88,False,False,48.0,71.0
0,188,62,85,False,False,48.0,72.0
0,182,63,85,False,False,47.0,72.0
0,201,60,86,True,False,47.0,71.0
0,197,60,86,False,False,47.0,71.0
0,189,62,84,False,False,48.0,70.0
0,185,64,83,False,False,49.0,68.0
0,178,67,82,False,False,50.0,68.0
0,173,68,81,False,False,50.0,67.0
0,197,64,82,True,False,50.0,65.0
0,240,61,82,True,False,46.0,69.0
0,238,61,82,False,False,47.0,69.0
0,228,63,79,False,False,46.0,69.0
0,226,66,79,False,False,47.0,69.0
0,300,68,76,False,False,46.0,69.0
0,300,70,65,False,False,47.0,69.0
0,278,66,68,True,False,46.0,69.0
0,272,67,63,False,False,46.0,69.0
0,266,72,63,False,False,46.0,69.0
0,260,75,65,False,False,54.0,69.0
0,254,76,65,False,False,55.0,64.0
0,248,82,63,False,False,56.0,64.0
0,242,85,62,False,False,57.0,53.0
0,600,79,63,True,False,51.0,54.0
0,600,74,64,True,False,50.0,59.0
0,600,76,63,False,False,49.0,56.0
0,600,76,62,False,False,50.0,56.0
0,600,79,63,False,False,53.0,56.0
0,600,82,62,False,False,52.0,56.0
0,300,83,61,False,False,53.0,53.0
0,300,85,60,False,False,63.0,53.0
0,284,80,63,True,False,63.0,54.0
0,280,80,63,False,False,61.0,53.0
0,272,82,62,False,False,57.0,52.0
0,268,84,63,False,False,56.0,53.0
0,260,84,62,False,False,57.0,52.0
0,256,85,63,False,False,58.0,53.0
0,248,85,62,False,False,59.0,52.0
0,244,86,64,False,False,61.0,53.0
0,236,86,62,False,False,61.0,53.0
0,230,87,55,False,False,61.0,52.0
0,226,87,59,False,False,63.0,53.0
0,218,87,64,False,False,64.0,52.0
0,214,87,65,False,False,63.0,53.0
0,206,86,66,False,False,63.0,52.0
0,202,87,65,False,False,65.0,46.0
0,194,85,64,False,False,66.0,50.0
0,188,87,66,False,False,65.0,53.0
0,182,85,66,False,False,65.0,52.0
0,178,85,66,False,False,65.0,55.0
0,170,84,66,False,False,65.0,55.0
0,166,84,68,False,False,65.0,55.0
0,160,82,73,False,False,65.0,55.0
0,154,82,94,False,False,72.0,55.0
0,155,84,72,False,True,70.0,56.0
0,149,83,78,False,False,70.0,52.0
0,143,83,81,False,False,70.0,52.0
0,137,82,78,False,False,70.0,56.0
0,131,79,200,False,False,70.0,55.0
0,125,78,200,False,False,70.0,59.0
0,125,79,200,False,True,65.0,59.0
0,126,80,200,False,True,69.0,58.0
0,124,80,200,False,True,70.0,57.0
0,122,81,200,False,True,74.0,49.0
0,119,81,200,False,True,75.0,48.0
0,117,82,200,False,True,76.0,47.0
0,111,80,200,False,False,75.0,47.0
0,111,78,200,False,True,75.0,47.0
0,108,78,200,False,True,75.0,46.0
0,108,77,200,False,True,76.0,45.0
0,109,77,200,False,True,74.0,45.0
0,111,77,98,False,True,74.0,43.0
0,123,75,87,False,True,72.0,43.0
0,125,72,69,False,True,72.0,42.0
0,133,70,66,False,True,72.0,43.0
0,133,67,63,False,True,71.0,42.0
0,151,66,60,False,True,68.0,42.0
0,162,65,57,False,True,66.0,42.0
0,167,65,54,False,True,64.0,42.0
0,208,68,51,False,True,63.0,42.0
0,201,67,51,False,False,62.0,43.0
0,193,67,54,False,False,60.0,44.0
0,189,66,56,False,False,60.0,44.0
0,219,73,53,False,True,59.0,44.0
0,240,76,49,False,True,61.0,44.0
0,600,79,46,False,True,63.0,43.0
0,296,77,45,False,False,64.0,42.0
0,290,77,45,False,False,67.0,43.0
0,284,71,43,False,False,69.0,42.0
0,278,75,43,False,False,70.0,40.0
0,272,75,43,False,False,70.0,39.0
0,600,78,40,False,True,69.0,39.0
0,600,81,38,False,True,69.0,37.0
0,600,81,55,False,False,70.0,37.0
0,600,81,55,False,False,71.0,36.0
0,600,81,54,False,False,71.0,35.0
0,600,80,54,False,False,71.0,38.0
0,600,71,53,False,False,71.0,49.0
0,600,81,52,False,False,71.0,49.0
0,600,81,51,False,False,71.0,49.0
0,600,81,51,False,False,71.0,48.0
0,600,81,50,False,False,71.0,48.0
0,600,81,50,False,False,71.0,47.0
0,600,81,50,False,False,63.0,47.0
0,600,81,49,False,False,71.0,46.0
0,600,81,48,False,False,72.0,45.0
0,600,81,48,False,False,72.0,45.0
0,600,79,47,False,False,73.0,45.0
0,600,83,45,False,True,73.0,45.0
0,600,73,45,False,False,74.0,44.0
0,600,73,45,False,False,74.0,43.0
0,600,83,46,False,False,74.0,42.0
0,600,73,45,False,False,75.0,41.0
0,600,73,46,False,False,74.0,40.0
0,600,73,45,False,False,75.0,41.0
0,600,84,46,False,False,73.0,41.0
0,600,83,46,False,False,74.0,41.0
0,600,80,46,False,False,73.0,41.0
0,600,83,47,False,False,73.0,41.0
0,600,83,47,False,False,73.0,41.0
0,600,72,47,False,False,74.0,42.0
0,600,73,47,False,False,74.0,42.0
0,600,83,48,False,False,74.0,43.0
0,600,73,48,False,False,74.0,43.0
0,600,73,47,False,False,67.0,42.0
0,600,73,48,False,False,74.0,43.0
0,600,73,50,False,False,73.0,43.0
0,600,73,50,False,False,74.0,43.0
0,600,73,49,False,False,74.0,43.0
0,600,84,50,False,False,73.0,44.0
0,600,73,49,False,False,73.0,44.0
0,600,84,50,False,False,72.0,44.0
0,600,73,49,False,False,71.0,45.0
0,600,84,50,False,False,72.0,46.0
0,600,73,50,False,False,73.0,45.0
0,600,83,50,False,False,67.0,44.0
0,600,73,50,False,False,74.0,45.0
0,600,73,51,False,False,73.0,45.0
0,600,73,51,False,False,74.0,45.0
0,600,73,51,False,False,73.0,44.0
0,600,73,51,False,False,74.0,46.0
0,600,73,52,False,False,74.0,46.0
0,600,73,51,False,False,73.0,46.0
0,600,73,51,False,False,74.0,46.0
0,600,73,52,False,False,73.0,46.0
0,600,73,52,False,False,73.0,47.0
0,600,75,58,True,False,73.0,47.0
0,600,74,59,False,False,64.0,47.0
0,600,72,60,False,False,71.0,47.0
0,600,72,61,False,False,69.0,49.0
0,600,70,62,False,False,68.0,50.0
0,600,69,61,False,False,67.0,51.0
0,277,64,58,False,True,66.0,51.0
0,271,71,59,False,False,65.0,53.0
0,265,70,57,False,False,64.0,52.0
0,259,72,58,False,False,64.0,53.0
0,253,71,57,False,False,63.0,53.0
0,247,71,58,False,False,64.0,53.0
0,241,72,57,False,False,63.0,53.0
0,235,73,56,False,False,63.0,51.0
0,229,73,55,False,False,63.0,51.0
0,223,73,54,False,False,63.0,52.0
0,211,73,55,False,False,64.0,52.0
0,211,73,54,False,False,63.0,51.0
0,205,73,53,False,False,64.0,49.0
0,199,73,52,False,False,65.0,50.0
0,193,73,52,False,False,65.0,50.0
0,187,73,50,False,False,66.0,49.0
0,181,73,48,False,False,66.0,48.0
0,175,73,48,False,False,68.0,47.0
0,169,85,47,False,False,69.0,46.0
0,163,85,46,False,False,69.0,46.0
0,197,81,49,True,False,69.0,44.0
0,241,77,51,True,False,69.0,44.0
0,235,76,50,False,False,68.0,44.0
0,229,70,51,False,False,69.0,45.0
0,223,76,50,False,False,69.0,45.0
0,217,76,51,False,False,69.0,46.0
0,211,77,50,False,False,69.0,45.0
0,205,76,50,False,False,68.0,45.0
0,199,76,49,False,False,67.0,45.0
0,193,75,49,False,False,68.0,46.0
0,183,74,47,False,False,68.0,45.0
0,181,73,46,False,False,67.0,45.0
0,175,73,46,False,False,68.0,44.0
0,169,73,46,False,False,67.0,44.0
0,163,66,43,False,False,67.0,42.0
0,157,71,43,False,False,66.0,42.0
0,151,70,41,False,False,66.0,41.0
0,207,67,42,True,False,66.0,40.0
0,201,67,41,False,False,65.0,38.0
0,195,67,40,False,False,64.0,39.0
0,189,67,38,False,False,63.0,38.0
0,183,67,39,False,False,61.0,37.0
0,177,68,38,False,False,60.0,35.0
0,171,67,37,False,False,59.0,35.0
0,287,64,37,True,False,59.0,34.0
0,250,67,38,False,False,58.0,34.0
0,244,65,36,False,False,57.0,33.0
0,251,56,37,False,False,57.0,33.0
0,248,68,35,False,False,57.0,33.0
0,600,64,38,True,False,57.0,33.0
0,600,59,38,True,False,56.0,33.0
0,600,56,44,True,False,56.0,34.0
0,600,55,43,False,False,54.0,35.0
0,600,54,46,False,False,53.0,36.0
0,600,54,46,False,False,52.0,37.0
0,600,53,45,False,False,50.0,38.0
0,600,52,46,False,False,49.0,38.0
0,600,52,48,False,False,48.0,39.0
0,600,51,52,False,False,47.0,40.0
0,600,50,53,False,False,46.0,40.0
0,600,50,50,False,True,46.0,41.0
0,600,53,52,False,False,45.0,42.0
0,600,53,51,False,False,45.0,42.0
0,600,52,52,False,False,45.0,43.0
0,600,53,51,False,False,45.0,44.0
0,600,52,51,False,False,45.0,44.0
0,600,53,52,False,False,45.0,45.0
0,600,54,51,False,False,46.0,45.0
0,600,52,52,False,False,46.0,45.0
0,600,53,52,False,False,46.0,44.0
0,600,54,52,False,False,46.0,44.0
0,600,53,54,False,False,46.0,45.0
0,600,56,55,False,False,46.0,45.0
0,600,56,54,False,False,46.0,45.0
0,600,57,54,False,False,46.0,45.0
0,600,56,51,False,False,47.0,46.0
0,600,56,54,False,False,48.0,47.0
0,600,58,55,False,False,48.0,47.0
0,600,59,53,False,False,48.0,46.0
0,600,59,54,False,False,49.0,46.0
0,600,59,53,False,False,49.0,46.0
0,600,61,54,False,False,49.0,46.0
0,600,55,52,False,False,50.0,47.0
0,600,61,53,False,False,50.0,47.0
0,600,63,55,False,False,51.0,47.0
0,600,62,55,False,False,51.0,47.0
0,600,62,55,False,False,52.0,46.0
0,600,63,56,False,False,52.0,46.0
0,600,63,53,False,False,53.0,47.0
0,600,64,56,False,False,53.0,47.0
0,600,62,56,False,False,53.0,47.0
0,600,64,58,False,False,54.0,47.0
0,600,64,57,False,False,54.0,48.0
0,600,59,57,False,False,54.0,48.0
0,600,64,57,False,False,55.0,49.0
0,600,64,56,False,False,55.0,49.0
0,600,65,56,False,False,55.0,49.0
0,600,62,55,False,False,55.0,49.0
0,600,63,54,False,False,55.0,49.0
0,600,64,54,False,False,55.0,49.0
0,600,65,52,False,False,55.0,49.0
0,600,64,53,False,False,55.0,48.0
0,600,63,52,False,False,55.0,47.0
0,600,63,53,False,False,55.0,47.0
0,600,59,53,False,False,56.0,46.0
0,600,62,52,False,False,56.0,46.0
0,600,63,53,False,False,55.0,46.0
0,600,62,53,False,False,55.0,45.0
0,600,61,54,False,False,54.0,45.0
0,600,62,52,False,False,54.0,45.0
0,600,61,54,False,False,53.0,45.0
0,600,60,52,False,False,53.0,45.0
0,600,59,53,False,False,53.0,45.0
0,600,60,53,False,False,53.0,46.0
0,600,62,51,False,True,54.0,45.0
0,600,65,54,False,False,54.0,46.0
0,600,64,52,False,False,54.0,45.0
0,600,66,53,False,False,54.0,45.0
0,600,66,53,False,False,55.0,46.0
0,600,67,55,False,False,55.0,46.0
0,600,68,58,False,False,56.0,46.0
0,600,67,56,False,False,56.0,46.0
0,600,70,55,False,False,57.0,47.0
0,600,73,57,False,False,57.0,48.0
0,600,70,58,False,False,57.0,49.0
0,600,59,59,False,False,58.0,49.0
0,600,82,56,False,True,60.0,49.0
0,600,83,57,False,False,63.0,49.0
0,600,82,56,False,False,64.0,49.0
0,600,85,56,False,False,64.0,50.0
0,600,89,56,False,False,67.0,50.0
0,600,88,56,False,False,68.0,50.0
0,600,90,54,False,False,68.0,49.0
0,600,84,54,False,False,70.0,50.0
0,600,92,54,False,False,71.0,49.0
0,600,90,56,False,False,72.0,49.0
0,600,89,54,False,False,73.0,48.0
0,600,89,55,False,False,75.0,48.0
0,299,91,54,False,False,77.0,48.0
0,298,89,54,False,False,77.0,49.0
0,287,88,54,False,False,77.0,48.0
0,287,88,54,False,False,78.0,49.0
0,275,87,55,False,False,79.0,48.0
0,275,86,55,False,False,79.0,48.0
0,275,93,53,False,True,78.0,48.0
0,269,93,53,False,False,79.0,47.0
0,263,93,53,False,False,79.0,47.0
0,257,93,53,False,False,79.0,47.0
0,251,93,53,False,False,79.0,47.0
0,245,93,53,False,False,79.0,47.0
0,239,93,53,False,False,79.0,47.0
0,233,93,53,False,False,80.0,47.0
0,227,93,53,False,False,81.0,47.0
0,221,87,53,False,False,81.0,47.0
0,215,93,53,False,False,81.0,47.0
0,209,93,53,False,False,81.0,47.0
0,203,93,53,False,False,81.0,47.0
0,197,93,53,False,False,81.0,47.0
0,191,93,53,False,False,81.0,47.0
0,185,93,53,False,False,81.0,47.0
0,179,93,52,False,False,81.0,47.0
0,173,93,52,False,False,81.0,47.0
0,167,93,52,False,False,81.0,47.0
0,161,93,53,False,False,81.0,47.0
0,155,83,56,False,False,81.0,46.0
0,149,90,200,False,False,81.0,46.0
0,143,89,200,False,False,81.0,46.0
0,137,89,200,False,False,81.0,46.0
0,135,92,200,False,True,82.0,47.0
0,133,96,200,False,True,81.0,47.0
0,132,98,200,False,True,83.0,47.0
0,131,99,200,False,True,87.0,47.0
0,127,98,200,False,True,90.0,47.0
0,126,99,200,False,True,92.0,47.0
0,123,98,200,False,True,94.0,47.0
0,121,96,200,False,True,96.0,48.0
0,114,97,200,False,False,97.0,62.0
0,112,96,200,False,True,97.0,62.0
0,111,93,200,False,True,96.0,64.0
0,108,91,200,False,True,94.0,64.0
0,105,84,200,False,True,95.0,85.0
0,105,80,200,False,True,91.0,75.0
0,107,79,200,False,True,88.0,70.0
0,107,76,200,False,True,85.0,66.0
0,110,74,200,False,True,76.0,69.0
0,121,71,200,False,True,80.0,70.0
0,137,69,200,False,True,74.0,77.0
0,156,67,200,False,True,70.0,77.0
0,235,65,93,False,True,68.0,77.0
0,600,63,89,False,True,66.0,77.0
0,600,64,86,False,True,63.0,77.0
0,600,64,81,False,True,61.0,76.0
0,271,66,85,False,True,60.0,76.0
0,265,66,84,False,False,60.0,75.0
0,259,71,87,False,False,61.0,74.0
0,253,69,93,False,False,60.0,74.0
0,247,68,91,False,False,58.0,74.0
0,241,68,93,False,False,58.0,74.0
0,235,70,94,False,False,58.0,74.0
0,229,70,94,False,False,58.0,75.0
0,223,71,94,False,False,59.0,75.0
0,217,70,92,False,False,60.0,76.0
0,212,70,91,False,False,59.0,78.0
0,205,69,89,False,False,60.0,80.0
0,200,70,89,False,False,61.0,81.0
0,194,69,89,False,False,61.0,83.0
0,188,71,88,False,False,62.0,83.0
0,182,73,87,False,False,61.0,83.0
0,175,74,86,False,False,61.0,82.0
0,202,69,80,True,False,61.0,80.0
0,195,70,81,False,False,60.0,79.0
0,190,69,80,False,False,60.0,81.0
0,183,70,81,False,False,59.0,80.0
0,180,71,80,False,False,60.0,80.0
0,208,66,74,True,False,60.0,79.0
0,254,63,77,True,False,59.0,78.0
0,246,63,78,False,False,60.0,77.0
0,242,63,77,False,False,58.0,77.0
0,234,62,78,False,False,58.0,77.0
0,230,62,77,False,False,56.0,78.0
0,223,61,73,False,False,56.0,77.0
0,219,63,73,False,False,55.0,76.0
0,265,60,73,True,False,55.0,77.0
0,259,60,69,False,False,55.0,77.0
0,253,58,69,False,False,53.0,77.0
0,247,58,69,False,False,52.0,76.0
0,233,56,70,False,False,52.0,75.0
0,227,57,70,False,False,53.0,74.0
0,221,57,70,False,False,53.0,73.0
0,215,57,69,False,False,52.0,71.0
0,209,59,58,False,False,51.0,69.0
0,203,60,58,False,False,50.0,67.0
0,237,57,58,True,False,50.0,65.0
0,600,54,61,True,False,49.0,63.0
0,600,54,61,False,False,48.0,63.0
0,600,54,61,False,False,48.0,63.0
0,600,53,61,False,False,48.0,63.0
0,600,52,61,False,False,48.0,63.0
0,600,52,61,False,False,48.0,63.0
0,600,52,61,False,False,48.0,63.0
0,600,52,61,False,False,47.0,63.0
0,600,52,59,False,False,47.0,63.0
0,600,53,59,False,False,46.0,63.0
0,600,54,59,False,False,46.0,62.0
0,600,55,59,False,False,46.0,62.0
0,600,55,59,False,False,46.0,62.0
0,600,55,59,False,False,46.0,61.0
0,600,53,61,True,False,47.0,58.0
0,600,53,60,False,False,47.0,57.0
0,600,54,61,False,False,47.0,58.0
0,600,54,60,False,False,47.0,57.0
0,600,54,61,False,False,47.0,58.0
0,600,54,60,False,False,47.0,57.0
0,600,55,61,False,False,47.0,58.0
0,600,55,59,False,False,57.0,57.0
0,600,57,60,False,False,57.0,58.0
0,600,57,59,False,False,57.0,57.0
0,600,58,57,False,False,56.0,58.0
0,600,58,57,False,False,57.0,58.0
0,600,58,55,False,False,58.0,57.0
0,600,59,53,False,False,57.0,58.0
0,297,61,55,False,False,57.0,57.0
0,292,61,49,False,False,57.0,58.0
0,285,62,49,False,False,57.0,57.0
0,280,62,48,False,False,57.0,58.0
0,273,64,46,False,False,57.0,54.0
0,268,66,45,False,False,57.0,47.0
0,261,66,43,False,False,57.0,46.0
0,256,67,41,False,False,57.0,47.0
0,243,64,41,True,False,64.0,46.0
0,237,65,40,False,False,64.0,40.0
0,231,65,40,False,False,64.0,40.0
0,225,67,40,False,False,64.0,40.0
0,221,68,41,False,False,63.0,40.0
0,214,69,43,False,False,63.0,40.0
0,207,70,45,False,False,64.0,39.0
0,201,71,47,False,False,64.0,39.0
0,195,70,47,False,False,64.0,39.0
0,189,71,48,False,False,64.0,39.0
0,183,74,53,False,False,64.0,45.0
0,177,75,56,False,False,69.0,45.0
0,171,76,58,False,False,69.0,53.0
0,165,77,98,False,False,69.0,54.0
0,159,76,98,False,False,69.0,56.0
0,153,74,72,False,False,69.0,57.0
0,147,74,200,False,False,69.0,57.0
0,141,74,200,False,False,69.0,57.0
0,135,73,200,False,False,75.0,57.0
0,129,72,200,False,False,75.0,57.0
0,123,72,200,False,False,75.0,63.0
0,117,71,200,False,False,75.0,63.0
0,116,73,200,False,True,69.0,69.0
0,112,75,200,False,True,66.0,76.0
0,111,80,200,False,True,67.0,76.0
0,109,80,200,False,True,69.0,76.0
0,105,79,200,False,True,71.0,75.0
0,102,78,200,False,True,75.0,75.0
0,100,77,200,False,True,76.0,77.0
0,97,75,200,False,True,75.0,75.0
0,95,73,200,False,True,75.0,75.0
0,95,71,200,False,True,73.0,75.0
0,97,69,200,False,True,70.0,75.0
0,98,67,200,False,True,69.0,74.0
0,118,63,200,False,True,67.0,74.0
0,109,60,100,False,True,65.0,75.0
0,121,63,101,False,True,62.0,75.0
0,139,55,100,False,True,58.0,76.0
0,151,54,96,False,True,55.0,76.0
0,190,54,88,False,True,53.0,78.0
0,207,55,84,False,True,51.0,78.0
0,300,56,79,False,True,50.0,79.0
0,600,62,74,False,True,50.0,83.0
0,600,60,74,False,False,50.0,69.0
0,600,59,74,False,False,50.0,65.0
0,600,60,75,False,False,49.0,63.0
0,600,58,76,False,False,49.0,64.0
0,600,59,76,False,False,52.0,63.0
0,600,60,78,False,False,50.0,64.0
0,600,62,74,False,True,51.0,63.0
0,600,62,74,False,False,50.0,62.0
0,600,72,74,False,False,51.0,62.0
0,600,63,74,False,False,52.0,62.0
0,600,61,75,False,False,52.0,62.0
0,600,61,75,False,False,52.0,62.0
0,600,62,76,False,False,53.0,63.0
0,600,61,76,False,False,52.0,63.0
0,600,59,79,False,False,58.0,63.0
0,600,60,84,False,False,51.0,62.0
0,600,60,89,False,False,51.0,63.0
0,600,60,92,False,False,52.0,64.0
0,600,60,94,False,False,51.0,64.0
0,600,59,99,False,False,50.0,65.0
0,600,61,100,False,False,49.0,67.0
0,600,57,100,False,False,50.0,68.0
0,600,58,100,False,False,50.0,71.0
0,600,57,100,False,False,49.0,74.0
0,600,57,101,False,False,49.0,77.0
0,600,56,101,False,False,52.0,78.0
0,600,61,97,False,True,50.0,77.0
0,600,61,96,False,False,49.0,79.0
0,600,61,94,False,False,49.0,82.0
0,600,72,93,False,False,49.0,83.0
0,600,64,92,False,False,50.0,75.0
0,600,62,90,False,False,51.0,84.0
0,600,63,90,False,False,51.0,84.0
0,600,62,88,False,False,51.0,84.0
0,600,62,89,False,False,52.0,83.0
0,600,62,88,False,False,57.0,82.0
0,600,64,86,False,False,52.0,80.0
0,600,63,87,False,False,53.0,78.0
0,600,63,87,False,False,52.0,78.0
0,600,65,86,False,False,51.0,76.0
0,600,72,85,False,False,52.0,75.0
0,600,66,84,False,False,53.0,75.0
0,600,67,83,False,False,53.0,75.0
0,600,69,81,False,False,54.0,74.0
0,600,69,80,False,False,54.0,73.0
0,600,71,78,False,False,55.0,75.0
0,600,66,81,True,False,55.0,74.0
0,600,66,80,False,False,55.0,73.0
0,600,67,80,False,False,55.0,72.0
0,600,67,78,False,False,55.0,71.0
0,600,67,78,False,False,55.0,70.0
0,600,66,77,False,False,56.0,69.0
0,600,70,77,False,False,56.0,69.0
0,600,66,77,False,False,56.0,69.0
0,600,66,76,False,False,56.0,68.0
0,600,66,75,False,False,56.0,67.0
0,600,67,74,False,False,55.0,66.0
0,600,67,74,False,False,55.0,66.0
0,600,68,74,False,False,55.0,66.0
0,600,67,74,False,False,55.0,66.0
0,600,67,74,False,False,56.0,65.0
0,600,67,73,False,False,56.0,64.0
0,600,66,71,False,False,56.0,63.0
0,600,69,71,False,False,56.0,63.0
0,600,65,74,True,False,56.0,64.0
0,600,63,75,False,False,56.0,63.0
0,600,63,75,False,False,54.0,64.0
0,600,62,75,False,False,54.0,63.0
0,600,60,75,False,False,53.0,64.0
0,600,60,74,False,False,53.0,63.0
0,600,60,75,False,False,53.0,64.0
0,600,59,74,False,False,53.0,63.0
0,600,58,74,False,False,52.0,64.0
0,600,58,73,False,False,51.0,64.0
0,600,58,73,False,False,50.0,63.0
0,600,62,73,False,False,50.0,64.0
0,600,57,74,False,False,49.0,64.0
0,600,55,73,False,False,49.0,64.0
0,600,55,73,False,False,48.0,63.0
0,600,55,72,False,False,48.0,63.0
0,600,54,72,False,False,52.0,62.0
0,600,53,71,False,False,47.0,63.0
0,600,52,71,False,False,46.0,63.0
0,600,49,75,True,False,46.0,63.0
0,600,48,75,False,False,44.0,63.0
0,600,48,75,False,False,43.0,63.0
0,600,48,75,False,False,42.0,63.0
0,600,55,75,False,False,41.0,63.0
0,600,48,75,False,False,40.0,64.0
0,600,48,75,False,False,40.0,64.0
0,600,48,75,False,False,40.0,64.0
0,600,48,78,False,False,40.0,64.0
0,600,48,78,False,False,40.0,64.0
0,600,48,80,False,False,40.0,64.0
0,600,48,80,False,False,40.0,64.0
0,600,48,82,False,False,40.0,64.0
0,600,48,82,False,False,40.0,64.0
0,600,48,82,False,False,40.0,66.0
0,600,51,81,False,False,40.0,66.0
0,600,48,81,False,False,40.0,67.0
0,600,48,81,False,False,40.0,68.0
0,600,48,81,False,False,40.0,69.0
0,600,48,81,False,False,40.0,70.0
0,600,48,81,False,False,40.0,70.0
0,600,47,81,False,False,40.0,70.0
0,600,47,81,False,False,40.0,69.0
0,600,47,81,False,False,40.0,69.0
0,600,47,81,False,False,39.0,69.0
0,600,47,81,False,False,39.0,69.0
0,600,48,80,False,False,39.0,69.0
0,600,47,78,False,False,39.0,69.0
0,600,47,78,False,False,39.0,69.0
0,600,47,76,False,False,39.0,69.0
0,600,47,76,False,False,39.0,69.0
0,600,47,76,False,False,39.0,69.0
0,301,47,75,False,False,39.0,69.0
0,301,47,75,False,False,39.0,68.0
0,301,47,73,False,False,39.0,67.0
0,301,47,72,False,False,39.0,66.0
0,301,55,69,False,False,39.0,65.0
0,301,47,69,False,False,39.0,65.0
0,301,47,66,False,False,39.0,65.0
0,301,47,65,False,False,39.0,64.0
0,295,48,65,False,False,39.0,63.0
0,289,48,65,False,False,39.0,61.0
